;Rename.csv

;一つ目にゲームで読み込める文字列、二つ目に自分でつけたい名前にし、間をコンマ（ , ）で挟んでください。

;このファイルへの記入例）

;***********************************
;TALENT:110 , 巨乳
;NAME:10 ,  咲夜
;***********************************




;○素質へ変換
TALENT:0 , 素質:処女
TALENT:10 , 素質:臆病
TALENT:11 , 素質:反抗的
TALENT:12 , 素質:気丈
TALENT:13 , 素質:素直
TALENT:14 , 素質:大人しい
TALENT:15 , 素質:プライド高い
TALENT:16 , 素質:生意気
TALENT:17 , 素質:プライド低い
TALENT:20 , 素質:自制心
TALENT:21 , 素質:無関心
TALENT:22 , 素質:感情乏しい
TALENT:23 , 素質:好奇心
TALENT:24 , 素質:保守的
TALENT:25 , 素質:楽観的
TALENT:26 , 素質:悲観的
TALENT:27 , 素質:一線越えない
TALENT:28 , 素質:目立ちたがり
TALENT:30 , 素質:貞操観念
TALENT:31 , 素質:貞操無頓着
TALENT:32 , 素質:抑圧
TALENT:33 , 素質:解放
TALENT:34 , 素質:抵抗
TALENT:35 , 素質:恥じらい
TALENT:36 , 素質:恥薄い
TALENT:40 , 素質:痛みに弱い
TALENT:41 , 素質:痛みに強い
TALENT:42 , 素質:濡れやすい
TALENT:43 , 素質:濡れにくい
TALENT:44 , 素質:薬毒耐性
TALENT:45 , 素質:骨の身体
TALENT:50 , 素質:習得早い
TALENT:51 , 素質:習得遅い
TALENT:52 , 素質:舌使い
TALENT:60 , 素質:自慰しやすい
TALENT:61 , 素質:汚臭鈍感
TALENT:62 , 素質:汚臭敏感
TALENT:63 , 素質:献身的
TALENT:70 , 素質:快感に素直
TALENT:71 , 素質:快感の否定
TALENT:72 , 素質:中毒しやすい
TALENT:73 , 素質:即落ち
TALENT:80 , 素質:倒錯的
TALENT:81 , 素質:両刀
TALENT:82 , 素質:男嫌い
TALENT:83 , 素質:サド
TALENT:84 , 素質:嫉妬
TALENT:85 , 素質:恋慕
TALENT:86 , 素質:妄信
TALENT:87 , 素質:小悪魔
TALENT:88 , 素質:常に睡眠
TALENT:89 , 素質:烙印
TALENT:90 , 素質:媚薬入手経路
TALENT:91 , 素質:魅惑
TALENT:92 , 素質:動物
TALENT:93 , 素質:狐
TALENT:94 , 素質:ローション入手経路
TALENT:95 , 素質:ケモ耳
TALENT:96 , 素質:猫舌
TALENT:97 , 素質:針さばき
TALENT:98 , 素質:暗闇
TALENT:100 , 素質:小柄体形
TALENT:101 , 素質:Ｃ鈍感
TALENT:102 , 素質:Ｃ敏感
TALENT:103 , 素質:Ｖ鈍感
TALENT:104 , 素質:Ｖ敏感
TALENT:105 , 素質:Ａ鈍感
TALENT:106 , 素質:Ａ敏感
TALENT:110 , 素質:巨乳
TALENT:111 , 素質:回復早い
TALENT:112 , 素質:回復遅い
TALENT:113 , 素質:魅力
TALENT:120 , 素質:不思議な根
TALENT:121 , 素質:ふたなり
TALENT:122 , 素質:オトコ
TALENT:130 , 素質:淫壺
TALENT:131 , 素質:淫菊
TALENT:132 , 素質:淫乳
TALENT:133 , 素質:淫躰
TALENT:134 , 素質:淫手
TALENT:135 , 素質:淫核
TALENT:136 , 素質:魔壺
TALENT:137 , 素質:魔菊
TALENT:140 , 素質:オナホ
TALENT:150 , 素質:発情Lv1
TALENT:151 , 素質:発情Lv2
TALENT:152 , 素質:発情Lv3
TALENT:155 , 素質:生理重い
TALENT:156 , 素質:生理軽い
TALENT:998 , 素質:Debug(Master)
TALENT:200 , 素質:難調教
TALENT:201 , 素質:[ミクサ]
TALENT:202 , 素質:[リン]
TALENT:203 , 素質:おもちゃ箱
TALENT:204 , 素質:うそなき！
TALENT:205 , 素質:乙女の時
TALENT:206 , 素質:[アシェ]
TALENT:207 , 素質:茨姫
TALENT:208 , 素質:[スカレ]
TALENT:209 , 素質:[ヴァイス]
TALENT:210 , 素質:花鳥風月
TALENT:211 , 素質:[ツクヨミ]
TALENT:212 , 素質:癒しの唄
TALENT:213 , 素質:[メロウ]
TALENT:214 , 素質:[エピーヌ]
TALENT:233 , 素質:[吉備津彦]
TALENT:234 , 素質:[闇吉備津]
TALENT:235 , 素質:[ピーター]
TALENT:236 , 素質:[ナイキ]
TALENT:237 , 素質:[フック]
TALENT:238 , 素質:[デスフック]
TALENT:239 , 素質:[猿]
TALENT:240 , 素質:[大聖]
TALENT:241 , 素質:[温羅]
TALENT:265 , 素質:抵抗の炎
TALENT:267 , 素質:不思議の国
TALENT:269 , 素質:永遠の乙女
TALENT:274 , 素質:[かぐや様]
TALENT:276 , 素質:[シレネ様]
TALENT:666 , 素質:[拒絶刻印]
TALENT:900 , 素質:強陰茎

;○能力へ変換
ABL:0 , 能力:従順
ABL:1 , 能力:欲望
ABL:2 , 能力:技巧
ABL:3 , 能力:Ｃ感覚
ABL:4 , 能力:Ｖ感覚
ABL:5 , 能力:Ａ感覚
ABL:6 , 能力:奉仕精神
ABL:7 , 能力:露出癖
ABL:8 , 能力:マゾっ気
ABL:9 , 能力:レズっ気
ABL:10 , 能力:自慰中毒
ABL:11 , 能力:精液中毒
ABL:12 , 能力:レズ中毒
ABL:13 , 能力:BL

;○珠へ変換
JUEL:0 , 珠:快Ｃ
JUEL:1 , 珠:快Ｖ
JUEL:2 , 珠:快Ａ
JUEL:4 , 珠:恭順
JUEL:5 , 珠:欲情
JUEL:6 , 珠:屈服
JUEL:7 , 珠:習得
JUEL:8 , 珠:恥情
JUEL:9 , 珠:苦痛
JUEL:10 , 珠:恐怖
JUEL:14 , 珠:快Ｂ
JUEL:100 , 珠:否定

;○経験へ変換
EXP:0 , 経験:Ｖ経験
EXP:1 , 経験:Ａ経験
EXP:2 , 経験:絶頂経験
EXP:3 , 経験:射精経験
EXP:10 , 経験:自慰経験
EXP:11 , 経験:調教自慰経験
EXP:20 , 経験:精液経験
EXP:21 , 経験:奉仕快楽経験
EXP:22 , 経験:フェラ経験
EXP:30 , 経験:苦痛快楽経験
EXP:40 , 経験:レズ経験
EXP:41 , 経験:BL経験
EXP:50 , 経験:異常経験

;○道具へ変換
ITEM:0 , 道具:ローター
ITEM:1 , 道具:バイブ
ITEM:2 , 道具:Ｅマッサージャ
ITEM:3 , 道具:アナルバイブ
ITEM:4 , 道具:ペニスバンド
ITEM:10 , 道具:鞭
ITEM:11 , 道具:針
ITEM:12 , 道具:アロマポット
ITEM:20 , 道具:ローション
ITEM:21 , 道具:媚薬
ITEM:25 , 道具:アロマ(ローズ)
ITEM:26 , 道具:アロマ(サイプレス)
ITEM:27 , 道具:アロマ(ジャスミン)
ITEM:30 , 道具:赤いキャンディー
ITEM:31 , 道具:黒いキャンディー
ITEM:40 , 道具:茨の果実
ITEM:45 , 道具:ルナルナ
ITEM:46 , 道具:発情チェッカ
ITEM:50 , 道具:エンゲージリング
ITEM:51 , 道具:ペアリング
ITEM:101 , 道具:ミクサ
ITEM:102 , 道具:リン
ITEM:103 , 道具:リトル・アリス
ITEM:104 , 道具:シャドウ・アリス
ITEM:105 , 道具:サンドリヨン
ITEM:106 , 道具:アシェンプテル
ITEM:107 , 道具:ドルミール
ITEM:108 , 道具:スカーレット
ITEM:109 , 道具:ヴァイス
ITEM:110 , 道具:かぐや
ITEM:111 , 道具:ツクヨミ
ITEM:112 , 道具:シレネッタ
ITEM:113 , 道具:メロウ
ITEM:114 , 道具:エピーヌ
ITEM:133 , 道具:吉備津彦
ITEM:134 , 道具:闇吉備津
ITEM:135 , 道具:ピーター・ザ・キッド
ITEM:136 , 道具:ナイトメア・キッド
ITEM:137 , 道具:アイアン・フック
ITEM:138 , 道具:デス・フック
ITEM:139 , 道具:美猴
ITEM:140 , 道具:大聖
ITEM:141 , 道具:温羅

;○刻印へ変換
MARK:0 , 刻印:苦痛刻印
MARK:1 , 刻印:快楽刻印
MARK:2 , 刻印:屈服刻印
MARK:3 , 刻印:反発刻印

;○パラへ変換
PALAM:0 , パラ:快Ｃ
PALAM:1 , パラ:快Ｖ
PALAM:2 , パラ:快Ａ
PALAM:3 , パラ:潤滑
PALAM:4 , パラ:恭順
PALAM:5 , パラ:欲情
PALAM:6 , パラ:屈服
PALAM:7 , パラ:習得
PALAM:8 , パラ:恥情
PALAM:9 , パラ:苦痛
PALAM:10 , パラ:恐怖
PALAM:11 , パラ:反感
PALAM:12 , パラ:不快
PALAM:13 , パラ:抑鬱
PALAM:100 , パラ:否定

;○調教へ変換
TRAIN:0 , 調教:愛撫
TRAIN:1 , 調教:クンニ
TRAIN:2 , 調教:アナル愛撫
TRAIN:3 , 調教:自慰
TRAIN:4 , 調教:フェラする
TRAIN:10 , 調教:ローター
TRAIN:11 , 調教:バイブ
TRAIN:12 , 調教:Ｅマッサージャ
TRAIN:13 , 調教:アナルバイブ
TRAIN:20 , 調教:正常位
TRAIN:21 , 調教:背後位
TRAIN:22 , 調教:アナルセックス
TRAIN:30 , 調教:手淫
TRAIN:31 , 調教:フェラチオ
TRAIN:32 , 調教:パイズリ
TRAIN:33 , 調教:素股
TRAIN:34 , 調教:騎乗位
TRAIN:35 , 調教:ナイズリ
TRAIN:40 , 調教:スパンキング
TRAIN:41 , 調教:鞭
TRAIN:42 , 調教:針
TRAIN:50 , 調教:ローション
TRAIN:51 , 調教:媚薬
TRAIN:60 , 調教:助手にキス
TRAIN:61 , 調教:クンニ強制
TRAIN:62 , 調教:シックスナイン
TRAIN:65 , 調教:助手を犯す
TRAIN:66 , 調教:Ｗフェラ
TRAIN:70 , 調教:烙印を刻む

;◆eramakerViewによる拡張項目
;●基礎パラへ変換
BASE:0 , 基礎パラ:体力
BASE:1 , 基礎パラ:気力
BASE:2 , 基礎パラ:射精

;●基礎パラ:調教者へ変換
BASE:PLAYER:0 , 基礎パラ:調教者:体力
BASE:PLAYER:1 , 基礎パラ:調教者:気力
BASE:PLAYER:2 , 基礎パラ:調教者:射精

;●基礎パラ:主人へ変換
BASE:MASTER:0 , 基礎パラ:主人:体力
BASE:MASTER:1 , 基礎パラ:主人:気力
BASE:MASTER:2 , 基礎パラ:主人:射精

;●基礎パラ:助手へ変換
BASE:ASSI:0 , 基礎パラ:助手:体力
BASE:ASSI:1 , 基礎パラ:助手:気力
BASE:ASSI:2 , 基礎パラ:助手:射精

;●基礎パラ:奴隷へ変換
BASE:TARGET:0 , 基礎パラ:奴隷:体力
BASE:TARGET:1 , 基礎パラ:奴隷:気力
BASE:TARGET:2 , 基礎パラ:奴隷:射精

;●素質名称へ変換
TALENTNAME:0 , 素質名称:処女
TALENTNAME:10 , 素質名称:臆病
TALENTNAME:11 , 素質名称:反抗的
TALENTNAME:12 , 素質名称:気丈
TALENTNAME:13 , 素質名称:素直
TALENTNAME:14 , 素質名称:大人しい
TALENTNAME:15 , 素質名称:プライド高い
TALENTNAME:16 , 素質名称:生意気
TALENTNAME:17 , 素質名称:プライド低い
TALENTNAME:20 , 素質名称:自制心
TALENTNAME:21 , 素質名称:無関心
TALENTNAME:22 , 素質名称:感情乏しい
TALENTNAME:23 , 素質名称:好奇心
TALENTNAME:24 , 素質名称:保守的
TALENTNAME:25 , 素質名称:楽観的
TALENTNAME:26 , 素質名称:悲観的
TALENTNAME:27 , 素質名称:一線越えない
TALENTNAME:28 , 素質名称:目立ちたがり
TALENTNAME:30 , 素質名称:貞操観念
TALENTNAME:31 , 素質名称:貞操無頓着
TALENTNAME:32 , 素質名称:抑圧
TALENTNAME:33 , 素質名称:解放
TALENTNAME:34 , 素質名称:抵抗
TALENTNAME:35 , 素質名称:恥じらい
TALENTNAME:36 , 素質名称:恥薄い
TALENTNAME:40 , 素質名称:痛みに弱い
TALENTNAME:41 , 素質名称:痛みに強い
TALENTNAME:42 , 素質名称:濡れやすい
TALENTNAME:43 , 素質名称:濡れにくい
TALENTNAME:44 , 素質名称:薬毒耐性
TALENTNAME:45 , 素質名称:骨の身体
TALENTNAME:50 , 素質名称:習得早い
TALENTNAME:51 , 素質名称:習得遅い
TALENTNAME:52 , 素質名称:舌使い
TALENTNAME:60 , 素質名称:自慰しやすい
TALENTNAME:61 , 素質名称:汚臭鈍感
TALENTNAME:62 , 素質名称:汚臭敏感
TALENTNAME:63 , 素質名称:献身的
TALENTNAME:70 , 素質名称:快感に素直
TALENTNAME:71 , 素質名称:快感の否定
TALENTNAME:72 , 素質名称:中毒しやすい
TALENTNAME:73 , 素質名称:即落ち
TALENTNAME:80 , 素質名称:倒錯的
TALENTNAME:81 , 素質名称:両刀
TALENTNAME:82 , 素質名称:男嫌い
TALENTNAME:83 , 素質名称:サド
TALENTNAME:84 , 素質名称:嫉妬
TALENTNAME:85 , 素質名称:恋慕
TALENTNAME:86 , 素質名称:妄信
TALENTNAME:87 , 素質名称:小悪魔
TALENTNAME:88 , 素質名称:常に睡眠
TALENTNAME:89 , 素質名称:烙印
TALENTNAME:90 , 素質名称:媚薬入手経路
TALENTNAME:91 , 素質名称:魅惑
TALENTNAME:92 , 素質名称:動物
TALENTNAME:93 , 素質名称:狐
TALENTNAME:94 , 素質名称:ローション入手経路
TALENTNAME:95 , 素質名称:ケモ耳
TALENTNAME:96 , 素質名称:猫舌
TALENTNAME:97 , 素質名称:針さばき
TALENTNAME:98 , 素質名称:暗闇
TALENTNAME:100 , 素質名称:小柄体形
TALENTNAME:101 , 素質名称:Ｃ鈍感
TALENTNAME:102 , 素質名称:Ｃ敏感
TALENTNAME:103 , 素質名称:Ｖ鈍感
TALENTNAME:104 , 素質名称:Ｖ敏感
TALENTNAME:105 , 素質名称:Ａ鈍感
TALENTNAME:106 , 素質名称:Ａ敏感
TALENTNAME:110 , 素質名称:巨乳
TALENTNAME:111 , 素質名称:回復早い
TALENTNAME:112 , 素質名称:回復遅い
TALENTNAME:113 , 素質名称:魅力
TALENTNAME:120 , 素質名称:不思議な根
TALENTNAME:121 , 素質名称:ふたなり
TALENTNAME:122 , 素質名称:オトコ
TALENTNAME:130 , 素質名称:淫壺
TALENTNAME:131 , 素質名称:淫菊
TALENTNAME:132 , 素質名称:淫乳
TALENTNAME:133 , 素質名称:淫躰
TALENTNAME:134 , 素質名称:淫手
TALENTNAME:135 , 素質名称:淫核
TALENTNAME:136 , 素質名称:魔壺
TALENTNAME:137 , 素質名称:魔菊
TALENTNAME:140 , 素質名称:オナホ
TALENTNAME:150 , 素質名称:発情Lv1
TALENTNAME:151 , 素質名称:発情Lv2
TALENTNAME:152 , 素質名称:発情Lv3
TALENTNAME:155 , 素質名称:生理重い
TALENTNAME:156 , 素質名称:生理軽い
TALENTNAME:998 , 素質名称:Debug(Master)
TALENTNAME:200 , 素質名称:難調教
TALENTNAME:201 , 素質名称:[ミクサ]
TALENTNAME:202 , 素質名称:[リン]
TALENTNAME:203 , 素質名称:おもちゃ箱
TALENTNAME:204 , 素質名称:うそなき！
TALENTNAME:205 , 素質名称:乙女の時
TALENTNAME:206 , 素質名称:[アシェ]
TALENTNAME:207 , 素質名称:茨姫
TALENTNAME:208 , 素質名称:[スカレ]
TALENTNAME:209 , 素質名称:[ヴァイス]
TALENTNAME:210 , 素質名称:花鳥風月
TALENTNAME:211 , 素質名称:[ツクヨミ]
TALENTNAME:212 , 素質名称:癒しの唄
TALENTNAME:213 , 素質名称:[メロウ]
TALENTNAME:214 , 素質名称:[エピーヌ]
TALENTNAME:233 , 素質名称:[吉備津彦]
TALENTNAME:234 , 素質名称:[闇吉備津]
TALENTNAME:235 , 素質名称:[ピーター]
TALENTNAME:236 , 素質名称:[ナイキ]
TALENTNAME:237 , 素質名称:[フック]
TALENTNAME:238 , 素質名称:[デスフック]
TALENTNAME:239 , 素質名称:[猿]
TALENTNAME:240 , 素質名称:[大聖]
TALENTNAME:241 , 素質名称:[温羅]
TALENTNAME:265 , 素質名称:抵抗の炎
TALENTNAME:267 , 素質名称:不思議の国
TALENTNAME:269 , 素質名称:永遠の乙女
TALENTNAME:274 , 素質名称:[かぐや様]
TALENTNAME:276 , 素質名称:[シレネ様]
TALENTNAME:666 , 素質名称:[拒絶刻印]
TALENTNAME:900 , 素質名称:強陰茎

;●素質:調教者へ変換
TALENT:PLAYER:0 , 素質:調教者:処女
TALENT:PLAYER:10 , 素質:調教者:臆病
TALENT:PLAYER:11 , 素質:調教者:反抗的
TALENT:PLAYER:12 , 素質:調教者:気丈
TALENT:PLAYER:13 , 素質:調教者:素直
TALENT:PLAYER:14 , 素質:調教者:大人しい
TALENT:PLAYER:15 , 素質:調教者:プライド高い
TALENT:PLAYER:16 , 素質:調教者:生意気
TALENT:PLAYER:17 , 素質:調教者:プライド低い
TALENT:PLAYER:20 , 素質:調教者:自制心
TALENT:PLAYER:21 , 素質:調教者:無関心
TALENT:PLAYER:22 , 素質:調教者:感情乏しい
TALENT:PLAYER:23 , 素質:調教者:好奇心
TALENT:PLAYER:24 , 素質:調教者:保守的
TALENT:PLAYER:25 , 素質:調教者:楽観的
TALENT:PLAYER:26 , 素質:調教者:悲観的
TALENT:PLAYER:27 , 素質:調教者:一線越えない
TALENT:PLAYER:28 , 素質:調教者:目立ちたがり
TALENT:PLAYER:30 , 素質:調教者:貞操観念
TALENT:PLAYER:31 , 素質:調教者:貞操無頓着
TALENT:PLAYER:32 , 素質:調教者:抑圧
TALENT:PLAYER:33 , 素質:調教者:解放
TALENT:PLAYER:34 , 素質:調教者:抵抗
TALENT:PLAYER:35 , 素質:調教者:恥じらい
TALENT:PLAYER:36 , 素質:調教者:恥薄い
TALENT:PLAYER:40 , 素質:調教者:痛みに弱い
TALENT:PLAYER:41 , 素質:調教者:痛みに強い
TALENT:PLAYER:42 , 素質:調教者:濡れやすい
TALENT:PLAYER:43 , 素質:調教者:濡れにくい
TALENT:PLAYER:44 , 素質:調教者:薬毒耐性
TALENT:PLAYER:45 , 素質:調教者:骨の身体
TALENT:PLAYER:50 , 素質:調教者:習得早い
TALENT:PLAYER:51 , 素質:調教者:習得遅い
TALENT:PLAYER:52 , 素質:調教者:舌使い
TALENT:PLAYER:60 , 素質:調教者:自慰しやすい
TALENT:PLAYER:61 , 素質:調教者:汚臭鈍感
TALENT:PLAYER:62 , 素質:調教者:汚臭敏感
TALENT:PLAYER:63 , 素質:調教者:献身的
TALENT:PLAYER:70 , 素質:調教者:快感に素直
TALENT:PLAYER:71 , 素質:調教者:快感の否定
TALENT:PLAYER:72 , 素質:調教者:中毒しやすい
TALENT:PLAYER:73 , 素質:調教者:即落ち
TALENT:PLAYER:80 , 素質:調教者:倒錯的
TALENT:PLAYER:81 , 素質:調教者:両刀
TALENT:PLAYER:82 , 素質:調教者:男嫌い
TALENT:PLAYER:83 , 素質:調教者:サド
TALENT:PLAYER:84 , 素質:調教者:嫉妬
TALENT:PLAYER:85 , 素質:調教者:恋慕
TALENT:PLAYER:86 , 素質:調教者:妄信
TALENT:PLAYER:87 , 素質:調教者:小悪魔
TALENT:PLAYER:88 , 素質:調教者:常に睡眠
TALENT:PLAYER:89 , 素質:調教者:烙印
TALENT:PLAYER:90 , 素質:調教者:媚薬入手経路
TALENT:PLAYER:91 , 素質:調教者:魅惑
TALENT:PLAYER:92 , 素質:調教者:動物
TALENT:PLAYER:93 , 素質:調教者:狐
TALENT:PLAYER:94 , 素質:調教者:ローション入手経路
TALENT:PLAYER:95 , 素質:調教者:ケモ耳
TALENT:PLAYER:96 , 素質:調教者:猫舌
TALENT:PLAYER:97 , 素質:調教者:針さばき
TALENT:PLAYER:98 , 素質:調教者:暗闇
TALENT:PLAYER:100 , 素質:調教者:小柄体形
TALENT:PLAYER:101 , 素質:調教者:Ｃ鈍感
TALENT:PLAYER:102 , 素質:調教者:Ｃ敏感
TALENT:PLAYER:103 , 素質:調教者:Ｖ鈍感
TALENT:PLAYER:104 , 素質:調教者:Ｖ敏感
TALENT:PLAYER:105 , 素質:調教者:Ａ鈍感
TALENT:PLAYER:106 , 素質:調教者:Ａ敏感
TALENT:PLAYER:110 , 素質:調教者:巨乳
TALENT:PLAYER:111 , 素質:調教者:回復早い
TALENT:PLAYER:112 , 素質:調教者:回復遅い
TALENT:PLAYER:113 , 素質:調教者:魅力
TALENT:PLAYER:120 , 素質:調教者:不思議な根
TALENT:PLAYER:121 , 素質:調教者:ふたなり
TALENT:PLAYER:122 , 素質:調教者:オトコ
TALENT:PLAYER:130 , 素質:調教者:淫壺
TALENT:PLAYER:131 , 素質:調教者:淫菊
TALENT:PLAYER:132 , 素質:調教者:淫乳
TALENT:PLAYER:133 , 素質:調教者:淫躰
TALENT:PLAYER:134 , 素質:調教者:淫手
TALENT:PLAYER:135 , 素質:調教者:淫核
TALENT:PLAYER:136 , 素質:調教者:魔壺
TALENT:PLAYER:137 , 素質:調教者:魔菊
TALENT:PLAYER:140 , 素質:調教者:オナホ
TALENT:PLAYER:150 , 素質:調教者:発情Lv1
TALENT:PLAYER:151 , 素質:調教者:発情Lv2
TALENT:PLAYER:152 , 素質:調教者:発情Lv3
TALENT:PLAYER:155 , 素質:調教者:生理重い
TALENT:PLAYER:156 , 素質:調教者:生理軽い
TALENT:PLAYER:998 , 素質:調教者:Debug(Master)
TALENT:PLAYER:200 , 素質:調教者:難調教
TALENT:PLAYER:201 , 素質:調教者:[ミクサ]
TALENT:PLAYER:202 , 素質:調教者:[リン]
TALENT:PLAYER:203 , 素質:調教者:おもちゃ箱
TALENT:PLAYER:204 , 素質:調教者:うそなき！
TALENT:PLAYER:205 , 素質:調教者:乙女の時
TALENT:PLAYER:206 , 素質:調教者:[アシェ]
TALENT:PLAYER:207 , 素質:調教者:茨姫
TALENT:PLAYER:208 , 素質:調教者:[スカレ]
TALENT:PLAYER:209 , 素質:調教者:[ヴァイス]
TALENT:PLAYER:210 , 素質:調教者:花鳥風月
TALENT:PLAYER:211 , 素質:調教者:[ツクヨミ]
TALENT:PLAYER:212 , 素質:調教者:癒しの唄
TALENT:PLAYER:213 , 素質:調教者:[メロウ]
TALENT:PLAYER:214 , 素質:調教者:[エピーヌ]
TALENT:PLAYER:233 , 素質:調教者:[吉備津彦]
TALENT:PLAYER:234 , 素質:調教者:[闇吉備津]
TALENT:PLAYER:235 , 素質:調教者:[ピーター]
TALENT:PLAYER:236 , 素質:調教者:[ナイキ]
TALENT:PLAYER:237 , 素質:調教者:[フック]
TALENT:PLAYER:238 , 素質:調教者:[デスフック]
TALENT:PLAYER:239 , 素質:調教者:[猿]
TALENT:PLAYER:240 , 素質:調教者:[大聖]
TALENT:PLAYER:241 , 素質:調教者:[温羅]
TALENT:PLAYER:265 , 素質:調教者:抵抗の炎
TALENT:PLAYER:267 , 素質:調教者:不思議の国
TALENT:PLAYER:269 , 素質:調教者:永遠の乙女
TALENT:PLAYER:274 , 素質:調教者:[かぐや様]
TALENT:PLAYER:276 , 素質:調教者:[シレネ様]
TALENT:PLAYER:666 , 素質:調教者:[拒絶刻印]
TALENT:PLAYER:900 , 素質:調教者:強陰茎

;●素質:主人へ変換
TALENT:MASTER:0 , 素質:主人:処女
TALENT:MASTER:10 , 素質:主人:臆病
TALENT:MASTER:11 , 素質:主人:反抗的
TALENT:MASTER:12 , 素質:主人:気丈
TALENT:MASTER:13 , 素質:主人:素直
TALENT:MASTER:14 , 素質:主人:大人しい
TALENT:MASTER:15 , 素質:主人:プライド高い
TALENT:MASTER:16 , 素質:主人:生意気
TALENT:MASTER:17 , 素質:主人:プライド低い
TALENT:MASTER:20 , 素質:主人:自制心
TALENT:MASTER:21 , 素質:主人:無関心
TALENT:MASTER:22 , 素質:主人:感情乏しい
TALENT:MASTER:23 , 素質:主人:好奇心
TALENT:MASTER:24 , 素質:主人:保守的
TALENT:MASTER:25 , 素質:主人:楽観的
TALENT:MASTER:26 , 素質:主人:悲観的
TALENT:MASTER:27 , 素質:主人:一線越えない
TALENT:MASTER:28 , 素質:主人:目立ちたがり
TALENT:MASTER:30 , 素質:主人:貞操観念
TALENT:MASTER:31 , 素質:主人:貞操無頓着
TALENT:MASTER:32 , 素質:主人:抑圧
TALENT:MASTER:33 , 素質:主人:解放
TALENT:MASTER:34 , 素質:主人:抵抗
TALENT:MASTER:35 , 素質:主人:恥じらい
TALENT:MASTER:36 , 素質:主人:恥薄い
TALENT:MASTER:40 , 素質:主人:痛みに弱い
TALENT:MASTER:41 , 素質:主人:痛みに強い
TALENT:MASTER:42 , 素質:主人:濡れやすい
TALENT:MASTER:43 , 素質:主人:濡れにくい
TALENT:MASTER:44 , 素質:主人:薬毒耐性
TALENT:MASTER:45 , 素質:主人:骨の身体
TALENT:MASTER:50 , 素質:主人:習得早い
TALENT:MASTER:51 , 素質:主人:習得遅い
TALENT:MASTER:52 , 素質:主人:舌使い
TALENT:MASTER:60 , 素質:主人:自慰しやすい
TALENT:MASTER:61 , 素質:主人:汚臭鈍感
TALENT:MASTER:62 , 素質:主人:汚臭敏感
TALENT:MASTER:63 , 素質:主人:献身的
TALENT:MASTER:70 , 素質:主人:快感に素直
TALENT:MASTER:71 , 素質:主人:快感の否定
TALENT:MASTER:72 , 素質:主人:中毒しやすい
TALENT:MASTER:73 , 素質:主人:即落ち
TALENT:MASTER:80 , 素質:主人:倒錯的
TALENT:MASTER:81 , 素質:主人:両刀
TALENT:MASTER:82 , 素質:主人:男嫌い
TALENT:MASTER:83 , 素質:主人:サド
TALENT:MASTER:84 , 素質:主人:嫉妬
TALENT:MASTER:85 , 素質:主人:恋慕
TALENT:MASTER:86 , 素質:主人:妄信
TALENT:MASTER:87 , 素質:主人:小悪魔
TALENT:MASTER:88 , 素質:主人:常に睡眠
TALENT:MASTER:89 , 素質:主人:烙印
TALENT:MASTER:90 , 素質:主人:媚薬入手経路
TALENT:MASTER:91 , 素質:主人:魅惑
TALENT:MASTER:92 , 素質:主人:動物
TALENT:MASTER:93 , 素質:主人:狐
TALENT:MASTER:94 , 素質:主人:ローション入手経路
TALENT:MASTER:95 , 素質:主人:ケモ耳
TALENT:MASTER:96 , 素質:主人:猫舌
TALENT:MASTER:97 , 素質:主人:針さばき
TALENT:MASTER:98 , 素質:主人:暗闇
TALENT:MASTER:100 , 素質:主人:小柄体形
TALENT:MASTER:101 , 素質:主人:Ｃ鈍感
TALENT:MASTER:102 , 素質:主人:Ｃ敏感
TALENT:MASTER:103 , 素質:主人:Ｖ鈍感
TALENT:MASTER:104 , 素質:主人:Ｖ敏感
TALENT:MASTER:105 , 素質:主人:Ａ鈍感
TALENT:MASTER:106 , 素質:主人:Ａ敏感
TALENT:MASTER:110 , 素質:主人:巨乳
TALENT:MASTER:111 , 素質:主人:回復早い
TALENT:MASTER:112 , 素質:主人:回復遅い
TALENT:MASTER:113 , 素質:主人:魅力
TALENT:MASTER:120 , 素質:主人:不思議な根
TALENT:MASTER:121 , 素質:主人:ふたなり
TALENT:MASTER:122 , 素質:主人:オトコ
TALENT:MASTER:130 , 素質:主人:淫壺
TALENT:MASTER:131 , 素質:主人:淫菊
TALENT:MASTER:132 , 素質:主人:淫乳
TALENT:MASTER:133 , 素質:主人:淫躰
TALENT:MASTER:134 , 素質:主人:淫手
TALENT:MASTER:135 , 素質:主人:淫核
TALENT:MASTER:136 , 素質:主人:魔壺
TALENT:MASTER:137 , 素質:主人:魔菊
TALENT:MASTER:140 , 素質:主人:オナホ
TALENT:MASTER:150 , 素質:主人:発情Lv1
TALENT:MASTER:151 , 素質:主人:発情Lv2
TALENT:MASTER:152 , 素質:主人:発情Lv3
TALENT:MASTER:155 , 素質:主人:生理重い
TALENT:MASTER:156 , 素質:主人:生理軽い
TALENT:MASTER:998 , 素質:主人:Debug(Master)
TALENT:MASTER:200 , 素質:主人:難調教
TALENT:MASTER:201 , 素質:主人:[ミクサ]
TALENT:MASTER:202 , 素質:主人:[リン]
TALENT:MASTER:203 , 素質:主人:おもちゃ箱
TALENT:MASTER:204 , 素質:主人:うそなき！
TALENT:MASTER:205 , 素質:主人:乙女の時
TALENT:MASTER:206 , 素質:主人:[アシェ]
TALENT:MASTER:207 , 素質:主人:茨姫
TALENT:MASTER:208 , 素質:主人:[スカレ]
TALENT:MASTER:209 , 素質:主人:[ヴァイス]
TALENT:MASTER:210 , 素質:主人:花鳥風月
TALENT:MASTER:211 , 素質:主人:[ツクヨミ]
TALENT:MASTER:212 , 素質:主人:癒しの唄
TALENT:MASTER:213 , 素質:主人:[メロウ]
TALENT:MASTER:214 , 素質:主人:[エピーヌ]
TALENT:MASTER:233 , 素質:主人:[吉備津彦]
TALENT:MASTER:234 , 素質:主人:[闇吉備津]
TALENT:MASTER:235 , 素質:主人:[ピーター]
TALENT:MASTER:236 , 素質:主人:[ナイキ]
TALENT:MASTER:237 , 素質:主人:[フック]
TALENT:MASTER:238 , 素質:主人:[デスフック]
TALENT:MASTER:239 , 素質:主人:[猿]
TALENT:MASTER:240 , 素質:主人:[大聖]
TALENT:MASTER:241 , 素質:主人:[温羅]
TALENT:MASTER:265 , 素質:主人:抵抗の炎
TALENT:MASTER:267 , 素質:主人:不思議の国
TALENT:MASTER:269 , 素質:主人:永遠の乙女
TALENT:MASTER:274 , 素質:主人:[かぐや様]
TALENT:MASTER:276 , 素質:主人:[シレネ様]
TALENT:MASTER:666 , 素質:主人:[拒絶刻印]
TALENT:MASTER:900 , 素質:主人:強陰茎

;●素質:助手へ変換
TALENT:ASSI:0 , 素質:助手:処女
TALENT:ASSI:10 , 素質:助手:臆病
TALENT:ASSI:11 , 素質:助手:反抗的
TALENT:ASSI:12 , 素質:助手:気丈
TALENT:ASSI:13 , 素質:助手:素直
TALENT:ASSI:14 , 素質:助手:大人しい
TALENT:ASSI:15 , 素質:助手:プライド高い
TALENT:ASSI:16 , 素質:助手:生意気
TALENT:ASSI:17 , 素質:助手:プライド低い
TALENT:ASSI:20 , 素質:助手:自制心
TALENT:ASSI:21 , 素質:助手:無関心
TALENT:ASSI:22 , 素質:助手:感情乏しい
TALENT:ASSI:23 , 素質:助手:好奇心
TALENT:ASSI:24 , 素質:助手:保守的
TALENT:ASSI:25 , 素質:助手:楽観的
TALENT:ASSI:26 , 素質:助手:悲観的
TALENT:ASSI:27 , 素質:助手:一線越えない
TALENT:ASSI:28 , 素質:助手:目立ちたがり
TALENT:ASSI:30 , 素質:助手:貞操観念
TALENT:ASSI:31 , 素質:助手:貞操無頓着
TALENT:ASSI:32 , 素質:助手:抑圧
TALENT:ASSI:33 , 素質:助手:解放
TALENT:ASSI:34 , 素質:助手:抵抗
TALENT:ASSI:35 , 素質:助手:恥じらい
TALENT:ASSI:36 , 素質:助手:恥薄い
TALENT:ASSI:40 , 素質:助手:痛みに弱い
TALENT:ASSI:41 , 素質:助手:痛みに強い
TALENT:ASSI:42 , 素質:助手:濡れやすい
TALENT:ASSI:43 , 素質:助手:濡れにくい
TALENT:ASSI:44 , 素質:助手:薬毒耐性
TALENT:ASSI:45 , 素質:助手:骨の身体
TALENT:ASSI:50 , 素質:助手:習得早い
TALENT:ASSI:51 , 素質:助手:習得遅い
TALENT:ASSI:52 , 素質:助手:舌使い
TALENT:ASSI:60 , 素質:助手:自慰しやすい
TALENT:ASSI:61 , 素質:助手:汚臭鈍感
TALENT:ASSI:62 , 素質:助手:汚臭敏感
TALENT:ASSI:63 , 素質:助手:献身的
TALENT:ASSI:70 , 素質:助手:快感に素直
TALENT:ASSI:71 , 素質:助手:快感の否定
TALENT:ASSI:72 , 素質:助手:中毒しやすい
TALENT:ASSI:73 , 素質:助手:即落ち
TALENT:ASSI:80 , 素質:助手:倒錯的
TALENT:ASSI:81 , 素質:助手:両刀
TALENT:ASSI:82 , 素質:助手:男嫌い
TALENT:ASSI:83 , 素質:助手:サド
TALENT:ASSI:84 , 素質:助手:嫉妬
TALENT:ASSI:85 , 素質:助手:恋慕
TALENT:ASSI:86 , 素質:助手:妄信
TALENT:ASSI:87 , 素質:助手:小悪魔
TALENT:ASSI:88 , 素質:助手:常に睡眠
TALENT:ASSI:89 , 素質:助手:烙印
TALENT:ASSI:90 , 素質:助手:媚薬入手経路
TALENT:ASSI:91 , 素質:助手:魅惑
TALENT:ASSI:92 , 素質:助手:動物
TALENT:ASSI:93 , 素質:助手:狐
TALENT:ASSI:94 , 素質:助手:ローション入手経路
TALENT:ASSI:95 , 素質:助手:ケモ耳
TALENT:ASSI:96 , 素質:助手:猫舌
TALENT:ASSI:97 , 素質:助手:針さばき
TALENT:ASSI:98 , 素質:助手:暗闇
TALENT:ASSI:100 , 素質:助手:小柄体形
TALENT:ASSI:101 , 素質:助手:Ｃ鈍感
TALENT:ASSI:102 , 素質:助手:Ｃ敏感
TALENT:ASSI:103 , 素質:助手:Ｖ鈍感
TALENT:ASSI:104 , 素質:助手:Ｖ敏感
TALENT:ASSI:105 , 素質:助手:Ａ鈍感
TALENT:ASSI:106 , 素質:助手:Ａ敏感
TALENT:ASSI:110 , 素質:助手:巨乳
TALENT:ASSI:111 , 素質:助手:回復早い
TALENT:ASSI:112 , 素質:助手:回復遅い
TALENT:ASSI:113 , 素質:助手:魅力
TALENT:ASSI:120 , 素質:助手:不思議な根
TALENT:ASSI:121 , 素質:助手:ふたなり
TALENT:ASSI:122 , 素質:助手:オトコ
TALENT:ASSI:130 , 素質:助手:淫壺
TALENT:ASSI:131 , 素質:助手:淫菊
TALENT:ASSI:132 , 素質:助手:淫乳
TALENT:ASSI:133 , 素質:助手:淫躰
TALENT:ASSI:134 , 素質:助手:淫手
TALENT:ASSI:135 , 素質:助手:淫核
TALENT:ASSI:136 , 素質:助手:魔壺
TALENT:ASSI:137 , 素質:助手:魔菊
TALENT:ASSI:140 , 素質:助手:オナホ
TALENT:ASSI:150 , 素質:助手:発情Lv1
TALENT:ASSI:151 , 素質:助手:発情Lv2
TALENT:ASSI:152 , 素質:助手:発情Lv3
TALENT:ASSI:155 , 素質:助手:生理重い
TALENT:ASSI:156 , 素質:助手:生理軽い
TALENT:ASSI:998 , 素質:助手:Debug(Master)
TALENT:ASSI:200 , 素質:助手:難調教
TALENT:ASSI:201 , 素質:助手:[ミクサ]
TALENT:ASSI:202 , 素質:助手:[リン]
TALENT:ASSI:203 , 素質:助手:おもちゃ箱
TALENT:ASSI:204 , 素質:助手:うそなき！
TALENT:ASSI:205 , 素質:助手:乙女の時
TALENT:ASSI:206 , 素質:助手:[アシェ]
TALENT:ASSI:207 , 素質:助手:茨姫
TALENT:ASSI:208 , 素質:助手:[スカレ]
TALENT:ASSI:209 , 素質:助手:[ヴァイス]
TALENT:ASSI:210 , 素質:助手:花鳥風月
TALENT:ASSI:211 , 素質:助手:[ツクヨミ]
TALENT:ASSI:212 , 素質:助手:癒しの唄
TALENT:ASSI:213 , 素質:助手:[メロウ]
TALENT:ASSI:214 , 素質:助手:[エピーヌ]
TALENT:ASSI:233 , 素質:助手:[吉備津彦]
TALENT:ASSI:234 , 素質:助手:[闇吉備津]
TALENT:ASSI:235 , 素質:助手:[ピーター]
TALENT:ASSI:236 , 素質:助手:[ナイキ]
TALENT:ASSI:237 , 素質:助手:[フック]
TALENT:ASSI:238 , 素質:助手:[デスフック]
TALENT:ASSI:239 , 素質:助手:[猿]
TALENT:ASSI:240 , 素質:助手:[大聖]
TALENT:ASSI:241 , 素質:助手:[温羅]
TALENT:ASSI:265 , 素質:助手:抵抗の炎
TALENT:ASSI:267 , 素質:助手:不思議の国
TALENT:ASSI:269 , 素質:助手:永遠の乙女
TALENT:ASSI:274 , 素質:助手:[かぐや様]
TALENT:ASSI:276 , 素質:助手:[シレネ様]
TALENT:ASSI:666 , 素質:助手:[拒絶刻印]
TALENT:ASSI:900 , 素質:助手:強陰茎

;●素質:奴隷へ変換
TALENT:TARGET:0 , 素質:奴隷:処女
TALENT:TARGET:10 , 素質:奴隷:臆病
TALENT:TARGET:11 , 素質:奴隷:反抗的
TALENT:TARGET:12 , 素質:奴隷:気丈
TALENT:TARGET:13 , 素質:奴隷:素直
TALENT:TARGET:14 , 素質:奴隷:大人しい
TALENT:TARGET:15 , 素質:奴隷:プライド高い
TALENT:TARGET:16 , 素質:奴隷:生意気
TALENT:TARGET:17 , 素質:奴隷:プライド低い
TALENT:TARGET:20 , 素質:奴隷:自制心
TALENT:TARGET:21 , 素質:奴隷:無関心
TALENT:TARGET:22 , 素質:奴隷:感情乏しい
TALENT:TARGET:23 , 素質:奴隷:好奇心
TALENT:TARGET:24 , 素質:奴隷:保守的
TALENT:TARGET:25 , 素質:奴隷:楽観的
TALENT:TARGET:26 , 素質:奴隷:悲観的
TALENT:TARGET:27 , 素質:奴隷:一線越えない
TALENT:TARGET:28 , 素質:奴隷:目立ちたがり
TALENT:TARGET:30 , 素質:奴隷:貞操観念
TALENT:TARGET:31 , 素質:奴隷:貞操無頓着
TALENT:TARGET:32 , 素質:奴隷:抑圧
TALENT:TARGET:33 , 素質:奴隷:解放
TALENT:TARGET:34 , 素質:奴隷:抵抗
TALENT:TARGET:35 , 素質:奴隷:恥じらい
TALENT:TARGET:36 , 素質:奴隷:恥薄い
TALENT:TARGET:40 , 素質:奴隷:痛みに弱い
TALENT:TARGET:41 , 素質:奴隷:痛みに強い
TALENT:TARGET:42 , 素質:奴隷:濡れやすい
TALENT:TARGET:43 , 素質:奴隷:濡れにくい
TALENT:TARGET:44 , 素質:奴隷:薬毒耐性
TALENT:TARGET:45 , 素質:奴隷:骨の身体
TALENT:TARGET:50 , 素質:奴隷:習得早い
TALENT:TARGET:51 , 素質:奴隷:習得遅い
TALENT:TARGET:52 , 素質:奴隷:舌使い
TALENT:TARGET:60 , 素質:奴隷:自慰しやすい
TALENT:TARGET:61 , 素質:奴隷:汚臭鈍感
TALENT:TARGET:62 , 素質:奴隷:汚臭敏感
TALENT:TARGET:63 , 素質:奴隷:献身的
TALENT:TARGET:70 , 素質:奴隷:快感に素直
TALENT:TARGET:71 , 素質:奴隷:快感の否定
TALENT:TARGET:72 , 素質:奴隷:中毒しやすい
TALENT:TARGET:73 , 素質:奴隷:即落ち
TALENT:TARGET:80 , 素質:奴隷:倒錯的
TALENT:TARGET:81 , 素質:奴隷:両刀
TALENT:TARGET:82 , 素質:奴隷:男嫌い
TALENT:TARGET:83 , 素質:奴隷:サド
TALENT:TARGET:84 , 素質:奴隷:嫉妬
TALENT:TARGET:85 , 素質:奴隷:恋慕
TALENT:TARGET:86 , 素質:奴隷:妄信
TALENT:TARGET:87 , 素質:奴隷:小悪魔
TALENT:TARGET:88 , 素質:奴隷:常に睡眠
TALENT:TARGET:89 , 素質:奴隷:烙印
TALENT:TARGET:90 , 素質:奴隷:媚薬入手経路
TALENT:TARGET:91 , 素質:奴隷:魅惑
TALENT:TARGET:92 , 素質:奴隷:動物
TALENT:TARGET:93 , 素質:奴隷:狐
TALENT:TARGET:94 , 素質:奴隷:ローション入手経路
TALENT:TARGET:95 , 素質:奴隷:ケモ耳
TALENT:TARGET:96 , 素質:奴隷:猫舌
TALENT:TARGET:97 , 素質:奴隷:針さばき
TALENT:TARGET:98 , 素質:奴隷:暗闇
TALENT:TARGET:100 , 素質:奴隷:小柄体形
TALENT:TARGET:101 , 素質:奴隷:Ｃ鈍感
TALENT:TARGET:102 , 素質:奴隷:Ｃ敏感
TALENT:TARGET:103 , 素質:奴隷:Ｖ鈍感
TALENT:TARGET:104 , 素質:奴隷:Ｖ敏感
TALENT:TARGET:105 , 素質:奴隷:Ａ鈍感
TALENT:TARGET:106 , 素質:奴隷:Ａ敏感
TALENT:TARGET:110 , 素質:奴隷:巨乳
TALENT:TARGET:111 , 素質:奴隷:回復早い
TALENT:TARGET:112 , 素質:奴隷:回復遅い
TALENT:TARGET:113 , 素質:奴隷:魅力
TALENT:TARGET:120 , 素質:奴隷:不思議な根
TALENT:TARGET:121 , 素質:奴隷:ふたなり
TALENT:TARGET:122 , 素質:奴隷:オトコ
TALENT:TARGET:130 , 素質:奴隷:淫壺
TALENT:TARGET:131 , 素質:奴隷:淫菊
TALENT:TARGET:132 , 素質:奴隷:淫乳
TALENT:TARGET:133 , 素質:奴隷:淫躰
TALENT:TARGET:134 , 素質:奴隷:淫手
TALENT:TARGET:135 , 素質:奴隷:淫核
TALENT:TARGET:136 , 素質:奴隷:魔壺
TALENT:TARGET:137 , 素質:奴隷:魔菊
TALENT:TARGET:140 , 素質:奴隷:オナホ
TALENT:TARGET:150 , 素質:奴隷:発情Lv1
TALENT:TARGET:151 , 素質:奴隷:発情Lv2
TALENT:TARGET:152 , 素質:奴隷:発情Lv3
TALENT:TARGET:155 , 素質:奴隷:生理重い
TALENT:TARGET:156 , 素質:奴隷:生理軽い
TALENT:TARGET:998 , 素質:奴隷:Debug(Master)
TALENT:TARGET:200 , 素質:奴隷:難調教
TALENT:TARGET:201 , 素質:奴隷:[ミクサ]
TALENT:TARGET:202 , 素質:奴隷:[リン]
TALENT:TARGET:203 , 素質:奴隷:おもちゃ箱
TALENT:TARGET:204 , 素質:奴隷:うそなき！
TALENT:TARGET:205 , 素質:奴隷:乙女の時
TALENT:TARGET:206 , 素質:奴隷:[アシェ]
TALENT:TARGET:207 , 素質:奴隷:茨姫
TALENT:TARGET:208 , 素質:奴隷:[スカレ]
TALENT:TARGET:209 , 素質:奴隷:[ヴァイス]
TALENT:TARGET:210 , 素質:奴隷:花鳥風月
TALENT:TARGET:211 , 素質:奴隷:[ツクヨミ]
TALENT:TARGET:212 , 素質:奴隷:癒しの唄
TALENT:TARGET:213 , 素質:奴隷:[メロウ]
TALENT:TARGET:214 , 素質:奴隷:[エピーヌ]
TALENT:TARGET:233 , 素質:奴隷:[吉備津彦]
TALENT:TARGET:234 , 素質:奴隷:[闇吉備津]
TALENT:TARGET:235 , 素質:奴隷:[ピーター]
TALENT:TARGET:236 , 素質:奴隷:[ナイキ]
TALENT:TARGET:237 , 素質:奴隷:[フック]
TALENT:TARGET:238 , 素質:奴隷:[デスフック]
TALENT:TARGET:239 , 素質:奴隷:[猿]
TALENT:TARGET:240 , 素質:奴隷:[大聖]
TALENT:TARGET:241 , 素質:奴隷:[温羅]
TALENT:TARGET:265 , 素質:奴隷:抵抗の炎
TALENT:TARGET:267 , 素質:奴隷:不思議の国
TALENT:TARGET:269 , 素質:奴隷:永遠の乙女
TALENT:TARGET:274 , 素質:奴隷:[かぐや様]
TALENT:TARGET:276 , 素質:奴隷:[シレネ様]
TALENT:TARGET:666 , 素質:奴隷:[拒絶刻印]
TALENT:TARGET:900 , 素質:奴隷:強陰茎

;●能力名称へ変換
ABLNAME:0 , 能力名称:従順
ABLNAME:1 , 能力名称:欲望
ABLNAME:2 , 能力名称:技巧
ABLNAME:3 , 能力名称:Ｃ感覚
ABLNAME:4 , 能力名称:Ｖ感覚
ABLNAME:5 , 能力名称:Ａ感覚
ABLNAME:6 , 能力名称:奉仕精神
ABLNAME:7 , 能力名称:露出癖
ABLNAME:8 , 能力名称:マゾっ気
ABLNAME:9 , 能力名称:レズっ気
ABLNAME:10 , 能力名称:自慰中毒
ABLNAME:11 , 能力名称:精液中毒
ABLNAME:12 , 能力名称:レズ中毒
ABLNAME:13 , 能力名称:BL

;●能力:調教者へ変換
ABL:PLAYER:0 , 能力:調教者:従順
ABL:PLAYER:1 , 能力:調教者:欲望
ABL:PLAYER:2 , 能力:調教者:技巧
ABL:PLAYER:3 , 能力:調教者:Ｃ感覚
ABL:PLAYER:4 , 能力:調教者:Ｖ感覚
ABL:PLAYER:5 , 能力:調教者:Ａ感覚
ABL:PLAYER:6 , 能力:調教者:奉仕精神
ABL:PLAYER:7 , 能力:調教者:露出癖
ABL:PLAYER:8 , 能力:調教者:マゾっ気
ABL:PLAYER:9 , 能力:調教者:レズっ気
ABL:PLAYER:10 , 能力:調教者:自慰中毒
ABL:PLAYER:11 , 能力:調教者:精液中毒
ABL:PLAYER:12 , 能力:調教者:レズ中毒
ABL:PLAYER:13 , 能力:調教者:BL

;●能力:主人へ変換
ABL:MASTER:0 , 能力:主人:従順
ABL:MASTER:1 , 能力:主人:欲望
ABL:MASTER:2 , 能力:主人:技巧
ABL:MASTER:3 , 能力:主人:Ｃ感覚
ABL:MASTER:4 , 能力:主人:Ｖ感覚
ABL:MASTER:5 , 能力:主人:Ａ感覚
ABL:MASTER:6 , 能力:主人:奉仕精神
ABL:MASTER:7 , 能力:主人:露出癖
ABL:MASTER:8 , 能力:主人:マゾっ気
ABL:MASTER:9 , 能力:主人:レズっ気
ABL:MASTER:10 , 能力:主人:自慰中毒
ABL:MASTER:11 , 能力:主人:精液中毒
ABL:MASTER:12 , 能力:主人:レズ中毒
ABL:MASTER:13 , 能力:主人:BL

;●能力:助手へ変換
ABL:ASSI:0 , 能力:助手:従順
ABL:ASSI:1 , 能力:助手:欲望
ABL:ASSI:2 , 能力:助手:技巧
ABL:ASSI:3 , 能力:助手:Ｃ感覚
ABL:ASSI:4 , 能力:助手:Ｖ感覚
ABL:ASSI:5 , 能力:助手:Ａ感覚
ABL:ASSI:6 , 能力:助手:奉仕精神
ABL:ASSI:7 , 能力:助手:露出癖
ABL:ASSI:8 , 能力:助手:マゾっ気
ABL:ASSI:9 , 能力:助手:レズっ気
ABL:ASSI:10 , 能力:助手:自慰中毒
ABL:ASSI:11 , 能力:助手:精液中毒
ABL:ASSI:12 , 能力:助手:レズ中毒
ABL:ASSI:13 , 能力:助手:BL

;●能力:奴隷へ変換
ABL:TARGET:0 , 能力:奴隷:従順
ABL:TARGET:1 , 能力:奴隷:欲望
ABL:TARGET:2 , 能力:奴隷:技巧
ABL:TARGET:3 , 能力:奴隷:Ｃ感覚
ABL:TARGET:4 , 能力:奴隷:Ｖ感覚
ABL:TARGET:5 , 能力:奴隷:Ａ感覚
ABL:TARGET:6 , 能力:奴隷:奉仕精神
ABL:TARGET:7 , 能力:奴隷:露出癖
ABL:TARGET:8 , 能力:奴隷:マゾっ気
ABL:TARGET:9 , 能力:奴隷:レズっ気
ABL:TARGET:10 , 能力:奴隷:自慰中毒
ABL:TARGET:11 , 能力:奴隷:精液中毒
ABL:TARGET:12 , 能力:奴隷:レズ中毒
ABL:TARGET:13 , 能力:奴隷:BL

;●獲得珠へ変換
GOTJUEL:0 , 獲得珠:快Ｃ
GOTJUEL:1 , 獲得珠:快Ｖ
GOTJUEL:2 , 獲得珠:快Ａ
GOTJUEL:4 , 獲得珠:恭順
GOTJUEL:5 , 獲得珠:欲情
GOTJUEL:6 , 獲得珠:屈服
GOTJUEL:7 , 獲得珠:習得
GOTJUEL:8 , 獲得珠:恥情
GOTJUEL:9 , 獲得珠:苦痛
GOTJUEL:10 , 獲得珠:恐怖
GOTJUEL:14 , 獲得珠:快Ｂ
GOTJUEL:100 , 獲得珠:否定

;●経験名称へ変換
EXPNAME:0 , 経験名称:Ｖ経験
EXPNAME:1 , 経験名称:Ａ経験
EXPNAME:2 , 経験名称:絶頂経験
EXPNAME:3 , 経験名称:射精経験
EXPNAME:10 , 経験名称:自慰経験
EXPNAME:11 , 経験名称:調教自慰経験
EXPNAME:20 , 経験名称:精液経験
EXPNAME:21 , 経験名称:奉仕快楽経験
EXPNAME:22 , 経験名称:フェラ経験
EXPNAME:30 , 経験名称:苦痛快楽経験
EXPNAME:40 , 経験名称:レズ経験
EXPNAME:41 , 経験名称:BL経験
EXPNAME:50 , 経験名称:異常経験

;●経験:調教者へ変換
EXP:PLAYER:0 , 経験:調教者:Ｖ経験
EXP:PLAYER:1 , 経験:調教者:Ａ経験
EXP:PLAYER:2 , 経験:調教者:絶頂経験
EXP:PLAYER:3 , 経験:調教者:射精経験
EXP:PLAYER:10 , 経験:調教者:自慰経験
EXP:PLAYER:11 , 経験:調教者:調教自慰経験
EXP:PLAYER:20 , 経験:調教者:精液経験
EXP:PLAYER:21 , 経験:調教者:奉仕快楽経験
EXP:PLAYER:22 , 経験:調教者:フェラ経験
EXP:PLAYER:30 , 経験:調教者:苦痛快楽経験
EXP:PLAYER:40 , 経験:調教者:レズ経験
EXP:PLAYER:41 , 経験:調教者:BL経験
EXP:PLAYER:50 , 経験:調教者:異常経験

;●経験:主人へ変換
EXP:MASTER:0 , 経験:主人:Ｖ経験
EXP:MASTER:1 , 経験:主人:Ａ経験
EXP:MASTER:2 , 経験:主人:絶頂経験
EXP:MASTER:3 , 経験:主人:射精経験
EXP:MASTER:10 , 経験:主人:自慰経験
EXP:MASTER:11 , 経験:主人:調教自慰経験
EXP:MASTER:20 , 経験:主人:精液経験
EXP:MASTER:21 , 経験:主人:奉仕快楽経験
EXP:MASTER:22 , 経験:主人:フェラ経験
EXP:MASTER:30 , 経験:主人:苦痛快楽経験
EXP:MASTER:40 , 経験:主人:レズ経験
EXP:MASTER:41 , 経験:主人:BL経験
EXP:MASTER:50 , 経験:主人:異常経験

;●経験:助手へ変換
EXP:ASSI:0 , 経験:助手:Ｖ経験
EXP:ASSI:1 , 経験:助手:Ａ経験
EXP:ASSI:2 , 経験:助手:絶頂経験
EXP:ASSI:3 , 経験:助手:射精経験
EXP:ASSI:10 , 経験:助手:自慰経験
EXP:ASSI:11 , 経験:助手:調教自慰経験
EXP:ASSI:20 , 経験:助手:精液経験
EXP:ASSI:21 , 経験:助手:奉仕快楽経験
EXP:ASSI:22 , 経験:助手:フェラ経験
EXP:ASSI:30 , 経験:助手:苦痛快楽経験
EXP:ASSI:40 , 経験:助手:レズ経験
EXP:ASSI:41 , 経験:助手:BL経験
EXP:ASSI:50 , 経験:助手:異常経験

;●経験:奴隷へ変換
EXP:TARGET:0 , 経験:奴隷:Ｖ経験
EXP:TARGET:1 , 経験:奴隷:Ａ経験
EXP:TARGET:2 , 経験:奴隷:絶頂経験
EXP:TARGET:3 , 経験:奴隷:射精経験
EXP:TARGET:10 , 経験:奴隷:自慰経験
EXP:TARGET:11 , 経験:奴隷:調教自慰経験
EXP:TARGET:20 , 経験:奴隷:精液経験
EXP:TARGET:21 , 経験:奴隷:奉仕快楽経験
EXP:TARGET:22 , 経験:奴隷:フェラ経験
EXP:TARGET:30 , 経験:奴隷:苦痛快楽経験
EXP:TARGET:40 , 経験:奴隷:レズ経験
EXP:TARGET:41 , 経験:奴隷:BL経験
EXP:TARGET:50 , 経験:奴隷:異常経験

;●道具名称へ変換
ITEMNAME:0 , 道具名称:ローター
ITEMNAME:1 , 道具名称:バイブ
ITEMNAME:2 , 道具名称:Ｅマッサージャ
ITEMNAME:3 , 道具名称:アナルバイブ
ITEMNAME:4 , 道具名称:ペニスバンド
ITEMNAME:10 , 道具名称:鞭
ITEMNAME:11 , 道具名称:針
ITEMNAME:12 , 道具名称:アロマポット
ITEMNAME:20 , 道具名称:ローション
ITEMNAME:21 , 道具名称:媚薬
ITEMNAME:25 , 道具名称:アロマ(ローズ)
ITEMNAME:26 , 道具名称:アロマ(サイプレス)
ITEMNAME:27 , 道具名称:アロマ(ジャスミン)
ITEMNAME:30 , 道具名称:赤いキャンディー
ITEMNAME:31 , 道具名称:黒いキャンディー
ITEMNAME:40 , 道具名称:茨の果実
ITEMNAME:45 , 道具名称:ルナルナ
ITEMNAME:46 , 道具名称:発情チェッカ
ITEMNAME:50 , 道具名称:エンゲージリング
ITEMNAME:51 , 道具名称:ペアリング
ITEMNAME:101 , 道具名称:ミクサ
ITEMNAME:102 , 道具名称:リン
ITEMNAME:103 , 道具名称:リトル・アリス
ITEMNAME:104 , 道具名称:シャドウ・アリス
ITEMNAME:105 , 道具名称:サンドリヨン
ITEMNAME:106 , 道具名称:アシェンプテル
ITEMNAME:107 , 道具名称:ドルミール
ITEMNAME:108 , 道具名称:スカーレット
ITEMNAME:109 , 道具名称:ヴァイス
ITEMNAME:110 , 道具名称:かぐや
ITEMNAME:111 , 道具名称:ツクヨミ
ITEMNAME:112 , 道具名称:シレネッタ
ITEMNAME:113 , 道具名称:メロウ
ITEMNAME:114 , 道具名称:エピーヌ
ITEMNAME:133 , 道具名称:吉備津彦
ITEMNAME:134 , 道具名称:闇吉備津
ITEMNAME:135 , 道具名称:ピーター・ザ・キッド
ITEMNAME:136 , 道具名称:ナイトメア・キッド
ITEMNAME:137 , 道具名称:アイアン・フック
ITEMNAME:138 , 道具名称:デス・フック
ITEMNAME:139 , 道具名称:美猴
ITEMNAME:140 , 道具名称:大聖
ITEMNAME:141 , 道具名称:温羅

;●道具使用中へ変換
TEQUIP:0 , 道具使用中:ローター
TEQUIP:1 , 道具使用中:バイブ
TEQUIP:2 , 道具使用中:Ｅマッサージャ
TEQUIP:3 , 道具使用中:アナルバイブ
TEQUIP:4 , 道具使用中:ペニスバンド
TEQUIP:10 , 道具使用中:鞭
TEQUIP:11 , 道具使用中:針
TEQUIP:12 , 道具使用中:アロマポット
TEQUIP:20 , 道具使用中:ローション
TEQUIP:21 , 道具使用中:媚薬
TEQUIP:25 , 道具使用中:アロマ(ローズ)
TEQUIP:26 , 道具使用中:アロマ(サイプレス)
TEQUIP:27 , 道具使用中:アロマ(ジャスミン)
TEQUIP:30 , 道具使用中:赤いキャンディー
TEQUIP:31 , 道具使用中:黒いキャンディー
TEQUIP:40 , 道具使用中:茨の果実
TEQUIP:45 , 道具使用中:ルナルナ
TEQUIP:46 , 道具使用中:発情チェッカ
TEQUIP:50 , 道具使用中:エンゲージリング
TEQUIP:51 , 道具使用中:ペアリング
TEQUIP:101 , 道具使用中:ミクサ
TEQUIP:102 , 道具使用中:リン
TEQUIP:103 , 道具使用中:リトル・アリス
TEQUIP:104 , 道具使用中:シャドウ・アリス
TEQUIP:105 , 道具使用中:サンドリヨン
TEQUIP:106 , 道具使用中:アシェンプテル
TEQUIP:107 , 道具使用中:ドルミール
TEQUIP:108 , 道具使用中:スカーレット
TEQUIP:109 , 道具使用中:ヴァイス
TEQUIP:110 , 道具使用中:かぐや
TEQUIP:111 , 道具使用中:ツクヨミ
TEQUIP:112 , 道具使用中:シレネッタ
TEQUIP:113 , 道具使用中:メロウ
TEQUIP:114 , 道具使用中:エピーヌ
TEQUIP:133 , 道具使用中:吉備津彦
TEQUIP:134 , 道具使用中:闇吉備津
TEQUIP:135 , 道具使用中:ピーター・ザ・キッド
TEQUIP:136 , 道具使用中:ナイトメア・キッド
TEQUIP:137 , 道具使用中:アイアン・フック
TEQUIP:138 , 道具使用中:デス・フック
TEQUIP:139 , 道具使用中:美猴
TEQUIP:140 , 道具使用中:大聖
TEQUIP:141 , 道具使用中:温羅

;●道具販売中へ変換
ITEMSALES:0 , 道具販売中:ローター
ITEMSALES:1 , 道具販売中:バイブ
ITEMSALES:2 , 道具販売中:Ｅマッサージャ
ITEMSALES:3 , 道具販売中:アナルバイブ
ITEMSALES:4 , 道具販売中:ペニスバンド
ITEMSALES:10 , 道具販売中:鞭
ITEMSALES:11 , 道具販売中:針
ITEMSALES:12 , 道具販売中:アロマポット
ITEMSALES:20 , 道具販売中:ローション
ITEMSALES:21 , 道具販売中:媚薬
ITEMSALES:25 , 道具販売中:アロマ(ローズ)
ITEMSALES:26 , 道具販売中:アロマ(サイプレス)
ITEMSALES:27 , 道具販売中:アロマ(ジャスミン)
ITEMSALES:30 , 道具販売中:赤いキャンディー
ITEMSALES:31 , 道具販売中:黒いキャンディー
ITEMSALES:40 , 道具販売中:茨の果実
ITEMSALES:45 , 道具販売中:ルナルナ
ITEMSALES:46 , 道具販売中:発情チェッカ
ITEMSALES:50 , 道具販売中:エンゲージリング
ITEMSALES:51 , 道具販売中:ペアリング
ITEMSALES:101 , 道具販売中:ミクサ
ITEMSALES:102 , 道具販売中:リン
ITEMSALES:103 , 道具販売中:リトル・アリス
ITEMSALES:104 , 道具販売中:シャドウ・アリス
ITEMSALES:105 , 道具販売中:サンドリヨン
ITEMSALES:106 , 道具販売中:アシェンプテル
ITEMSALES:107 , 道具販売中:ドルミール
ITEMSALES:108 , 道具販売中:スカーレット
ITEMSALES:109 , 道具販売中:ヴァイス
ITEMSALES:110 , 道具販売中:かぐや
ITEMSALES:111 , 道具販売中:ツクヨミ
ITEMSALES:112 , 道具販売中:シレネッタ
ITEMSALES:113 , 道具販売中:メロウ
ITEMSALES:114 , 道具販売中:エピーヌ
ITEMSALES:133 , 道具販売中:吉備津彦
ITEMSALES:134 , 道具販売中:闇吉備津
ITEMSALES:135 , 道具販売中:ピーター・ザ・キッド
ITEMSALES:136 , 道具販売中:ナイトメア・キッド
ITEMSALES:137 , 道具販売中:アイアン・フック
ITEMSALES:138 , 道具販売中:デス・フック
ITEMSALES:139 , 道具販売中:美猴
ITEMSALES:140 , 道具販売中:大聖
ITEMSALES:141 , 道具販売中:温羅

;●刻印名称へ変換
MARKNAME:0 , 刻印名称:苦痛刻印
MARKNAME:1 , 刻印名称:快楽刻印
MARKNAME:2 , 刻印名称:屈服刻印
MARKNAME:3 , 刻印名称:反発刻印

;●刻印:調教者へ変換
MARK:PLAYER:0 , 刻印:調教者:苦痛刻印
MARK:PLAYER:1 , 刻印:調教者:快楽刻印
MARK:PLAYER:2 , 刻印:調教者:屈服刻印
MARK:PLAYER:3 , 刻印:調教者:反発刻印

;●刻印:主人へ変換
MARK:MASTER:0 , 刻印:主人:苦痛刻印
MARK:MASTER:1 , 刻印:主人:快楽刻印
MARK:MASTER:2 , 刻印:主人:屈服刻印
MARK:MASTER:3 , 刻印:主人:反発刻印

;●刻印:助手へ変換
MARK:ASSI:0 , 刻印:助手:苦痛刻印
MARK:ASSI:1 , 刻印:助手:快楽刻印
MARK:ASSI:2 , 刻印:助手:屈服刻印
MARK:ASSI:3 , 刻印:助手:反発刻印

;●刻印:奴隷へ変換
MARK:TARGET:0 , 刻印:奴隷:苦痛刻印
MARK:TARGET:1 , 刻印:奴隷:快楽刻印
MARK:TARGET:2 , 刻印:奴隷:屈服刻印
MARK:TARGET:3 , 刻印:奴隷:反発刻印

;●パラ名称へ変換
PALAMNAME:0 , パラ名称:快Ｃ
PALAMNAME:1 , パラ名称:快Ｖ
PALAMNAME:2 , パラ名称:快Ａ
PALAMNAME:3 , パラ名称:潤滑
PALAMNAME:4 , パラ名称:恭順
PALAMNAME:5 , パラ名称:欲情
PALAMNAME:6 , パラ名称:屈服
PALAMNAME:7 , パラ名称:習得
PALAMNAME:8 , パラ名称:恥情
PALAMNAME:9 , パラ名称:苦痛
PALAMNAME:10 , パラ名称:恐怖
PALAMNAME:11 , パラ名称:反感
PALAMNAME:12 , パラ名称:不快
PALAMNAME:13 , パラ名称:抑鬱
PALAMNAME:100 , パラ名称:否定

;●パラ:調教者へ変換
PALAM:PLAYER:0 , パラ:調教者:快Ｃ
PALAM:PLAYER:1 , パラ:調教者:快Ｖ
PALAM:PLAYER:2 , パラ:調教者:快Ａ
PALAM:PLAYER:3 , パラ:調教者:潤滑
PALAM:PLAYER:4 , パラ:調教者:恭順
PALAM:PLAYER:5 , パラ:調教者:欲情
PALAM:PLAYER:6 , パラ:調教者:屈服
PALAM:PLAYER:7 , パラ:調教者:習得
PALAM:PLAYER:8 , パラ:調教者:恥情
PALAM:PLAYER:9 , パラ:調教者:苦痛
PALAM:PLAYER:10 , パラ:調教者:恐怖
PALAM:PLAYER:11 , パラ:調教者:反感
PALAM:PLAYER:12 , パラ:調教者:不快
PALAM:PLAYER:13 , パラ:調教者:抑鬱
PALAM:PLAYER:100 , パラ:調教者:否定

;●パラ:主人へ変換
PALAM:MASTER:0 , パラ:主人:快Ｃ
PALAM:MASTER:1 , パラ:主人:快Ｖ
PALAM:MASTER:2 , パラ:主人:快Ａ
PALAM:MASTER:3 , パラ:主人:潤滑
PALAM:MASTER:4 , パラ:主人:恭順
PALAM:MASTER:5 , パラ:主人:欲情
PALAM:MASTER:6 , パラ:主人:屈服
PALAM:MASTER:7 , パラ:主人:習得
PALAM:MASTER:8 , パラ:主人:恥情
PALAM:MASTER:9 , パラ:主人:苦痛
PALAM:MASTER:10 , パラ:主人:恐怖
PALAM:MASTER:11 , パラ:主人:反感
PALAM:MASTER:12 , パラ:主人:不快
PALAM:MASTER:13 , パラ:主人:抑鬱
PALAM:MASTER:100 , パラ:主人:否定

;●パラ:助手へ変換
PALAM:ASSI:0 , パラ:助手:快Ｃ
PALAM:ASSI:1 , パラ:助手:快Ｖ
PALAM:ASSI:2 , パラ:助手:快Ａ
PALAM:ASSI:3 , パラ:助手:潤滑
PALAM:ASSI:4 , パラ:助手:恭順
PALAM:ASSI:5 , パラ:助手:欲情
PALAM:ASSI:6 , パラ:助手:屈服
PALAM:ASSI:7 , パラ:助手:習得
PALAM:ASSI:8 , パラ:助手:恥情
PALAM:ASSI:9 , パラ:助手:苦痛
PALAM:ASSI:10 , パラ:助手:恐怖
PALAM:ASSI:11 , パラ:助手:反感
PALAM:ASSI:12 , パラ:助手:不快
PALAM:ASSI:13 , パラ:助手:抑鬱
PALAM:ASSI:100 , パラ:助手:否定

;●パラ:奴隷へ変換
PALAM:TARGET:0 , パラ:奴隷:快Ｃ
PALAM:TARGET:1 , パラ:奴隷:快Ｖ
PALAM:TARGET:2 , パラ:奴隷:快Ａ
PALAM:TARGET:3 , パラ:奴隷:潤滑
PALAM:TARGET:4 , パラ:奴隷:恭順
PALAM:TARGET:5 , パラ:奴隷:欲情
PALAM:TARGET:6 , パラ:奴隷:屈服
PALAM:TARGET:7 , パラ:奴隷:習得
PALAM:TARGET:8 , パラ:奴隷:恥情
PALAM:TARGET:9 , パラ:奴隷:苦痛
PALAM:TARGET:10 , パラ:奴隷:恐怖
PALAM:TARGET:11 , パラ:奴隷:反感
PALAM:TARGET:12 , パラ:奴隷:不快
PALAM:TARGET:13 , パラ:奴隷:抑鬱
PALAM:TARGET:100 , パラ:奴隷:否定

;●パラ上昇へ変換
UP:0 , パラ上昇:快Ｃ
UP:1 , パラ上昇:快Ｖ
UP:2 , パラ上昇:快Ａ
UP:3 , パラ上昇:潤滑
UP:4 , パラ上昇:恭順
UP:5 , パラ上昇:欲情
UP:6 , パラ上昇:屈服
UP:7 , パラ上昇:習得
UP:8 , パラ上昇:恥情
UP:9 , パラ上昇:苦痛
UP:10 , パラ上昇:恐怖
UP:11 , パラ上昇:反感
UP:12 , パラ上昇:不快
UP:13 , パラ上昇:抑鬱
UP:100 , パラ上昇:否定

;●パラ下降へ変換
DOWN:0 , パラ下降:快Ｃ
DOWN:1 , パラ下降:快Ｖ
DOWN:2 , パラ下降:快Ａ
DOWN:3 , パラ下降:潤滑
DOWN:4 , パラ下降:恭順
DOWN:5 , パラ下降:欲情
DOWN:6 , パラ下降:屈服
DOWN:7 , パラ下降:習得
DOWN:8 , パラ下降:恥情
DOWN:9 , パラ下降:苦痛
DOWN:10 , パラ下降:恐怖
DOWN:11 , パラ下降:反感
DOWN:12 , パラ下降:不快
DOWN:13 , パラ下降:抑鬱
DOWN:100 , パラ下降:否定

;●根源へ変換
SOURCE:0 , 根源:快ｃ
SOURCE:1 , 根源:快ｖ
SOURCE:2 , 根源:快ａ
SOURCE:3 , 根源:情愛
SOURCE:4 , 根源:性行動
SOURCE:5 , 根源:達成感
SOURCE:6 , 根源:痛み
SOURCE:7 , 根源:中毒充足
SOURCE:8 , 根源:不潔
SOURCE:10 , 根源:液体追加
SOURCE:11 , 根源:欲情追加
SOURCE:16 , 根源:恭順追加
SOURCE:12 , 根源:露出
SOURCE:13 , 根源:屈従
SOURCE:14 , 根源:逸脱
SOURCE:15 , 根源:反感追加
SOURCE:17 , 根源:快Ｂ

;●通算絶頂回数へ変換
EX:0 , 通算絶頂回数:Ｃ絶頂
EX:1 , 通算絶頂回数:Ｖ絶頂
EX:2 , 通算絶頂回数:Ａ絶頂
EX:3 , 通算絶頂回数:Ｂ絶頂

;●調教絶頂回数へ変換
NOWEX:0 , 調教絶頂回数:Ｃ絶頂
NOWEX:1 , 調教絶頂回数:Ｖ絶頂
NOWEX:2 , 調教絶頂回数:Ａ絶頂
NOWEX:3 , 調教絶頂回数:Ｂ絶頂

;●汚れへ変換
STAIN:0 , 汚れ:口
STAIN:1 , 汚れ:手
STAIN:2 , 汚れ:ペニス
STAIN:3 , 汚れ:ヴァギナ
STAIN:4 , 汚れ:アナル
STAIN:5 , 汚れ:胸

;●汚れ:調教者へ変換
STAIN:PLAYER:0 , 汚れ:調教者:口
STAIN:PLAYER:1 , 汚れ:調教者:手
STAIN:PLAYER:2 , 汚れ:調教者:ペニス
STAIN:PLAYER:3 , 汚れ:調教者:ヴァギナ
STAIN:PLAYER:4 , 汚れ:調教者:アナル
STAIN:PLAYER:5 , 汚れ:調教者:胸

;●汚れ:主人へ変換
STAIN:MASTER:0 , 汚れ:主人:口
STAIN:MASTER:1 , 汚れ:主人:手
STAIN:MASTER:2 , 汚れ:主人:ペニス
STAIN:MASTER:3 , 汚れ:主人:ヴァギナ
STAIN:MASTER:4 , 汚れ:主人:アナル
STAIN:MASTER:5 , 汚れ:主人:胸

;●汚れ:助手へ変換
STAIN:ASSI:0 , 汚れ:助手:口
STAIN:ASSI:1 , 汚れ:助手:手
STAIN:ASSI:2 , 汚れ:助手:ペニス
STAIN:ASSI:3 , 汚れ:助手:ヴァギナ
STAIN:ASSI:4 , 汚れ:助手:アナル
STAIN:ASSI:5 , 汚れ:助手:胸

;●汚れ:奴隷へ変換
STAIN:TARGET:0 , 汚れ:奴隷:口
STAIN:TARGET:1 , 汚れ:奴隷:手
STAIN:TARGET:2 , 汚れ:奴隷:ペニス
STAIN:TARGET:3 , 汚れ:奴隷:ヴァギナ
STAIN:TARGET:4 , 汚れ:奴隷:アナル
STAIN:TARGET:5 , 汚れ:奴隷:胸

